City_ID,City,Lat,Lng,Max Temp,Humidity,Cloudiness,Wind Speed,Country,Date
0,sorong,-0.8833,131.25,26.02,84,100,3.02,ID,1670093210
1,mataura,-46.1927,168.8643,10.27,60,100,3.53,NZ,1670093324
2,geraldton,-28.7667,114.6,20.23,83,100,5.66,AU,1670093325
3,qaanaaq,77.484,-69.3632,-16.56,83,100,3.87,GL,1670093326
4,katsuura,35.1333,140.3,15.14,61,100,9.88,JP,1670093109
5,komsomolskiy,40.4272,71.7189,0.4,86,100,2.06,UZ,1670093327
6,wuda,39.4994,106.7117,-6.93,36,4,0.65,CN,1670093327
7,coihaique,-45.5752,-72.0662,17.34,55,75,3.09,CL,1670093291
8,srbinovo,41.7058,20.9603,6.23,92,100,1.44,MK,1670093328
9,port elizabeth,-33.918,25.5701,18.39,82,20,2.06,ZA,1670093066
10,flin flon,54.7682,-101.865,-22.09,64,75,3.09,CA,1670093329
11,isangel,-19.55,169.2667,27.16,85,100,3.47,VU,1670093330
12,sao jose da coroa grande,-8.8978,-35.1478,27.2,72,83,5.1,BR,1670093330
13,fort-shevchenko,44.5086,50.263,-3.41,55,0,8.46,KZ,1670093331
14,rikitea,-23.1203,-134.9692,23.39,73,7,6.58,PF,1670093331
15,hofn,64.2539,-15.2082,3.62,66,1,6.43,IS,1670093332
16,bandarbeyla,9.4942,50.8122,25.69,70,1,9.11,SO,1670093333
17,alcudia,39.8532,3.1214,11.78,72,7,0.81,ES,1670093333
18,ushuaia,-54.8,-68.3,10.79,61,75,9.26,AR,1670093257
19,ust-tsilma,65.441,52.1498,-20.69,100,76,0.98,RU,1670093334
20,yellowknife,62.456,-114.3525,-20.25,77,100,3.09,CA,1670093141
21,jamestown,42.097,-79.2353,4.2,88,100,9.77,US,1670093335
22,roma,43.2128,-75.4557,11.64,85,100,4.63,US,1670093336
23,port macquarie,-31.4333,152.9167,14.38,82,94,0.66,AU,1670093232
24,arraial do cabo,-22.9661,-42.0278,24.98,78,75,10.29,BR,1670093337
25,chuy,-33.6971,-53.4616,18.93,94,100,2.02,UY,1670093338
26,kedrovyy,56.1667,91.8167,-15.63,96,100,2.44,RU,1670093338
27,faanui,-16.4833,-151.75,26.77,77,81,8.5,PF,1670093215
28,padang,-0.9492,100.3543,24.02,88,100,1.47,ID,1670093339
29,road town,18.4167,-64.6167,29.02,65,40,3.09,VG,1670093077
30,atuona,-9.8,-139.0333,25.61,72,0,8.53,PF,1670093340
31,san jeronimo,-11.9472,-75.2829,19.17,26,34,1.47,PE,1670093341
32,bredasdorp,-34.5322,20.0403,14.45,62,76,1.67,ZA,1670093120
33,povenets,62.8487,34.8262,-5.15,81,100,5.7,RU,1670093342
34,myitkyina,25.3833,97.4,15.81,72,0,1.18,MM,1670093342
35,ambilobe,-13.2,49.05,24.42,87,100,2.06,MG,1670093343
36,hilo,19.7297,-155.09,25.71,96,100,3.6,US,1670093344
37,nikolskoye,59.7035,30.7861,-4.06,91,100,3.3,RU,1670093092
38,tual,-5.6667,132.75,28.23,70,99,1.29,ID,1670093345
39,archidona,37.0965,-4.3887,10.78,85,44,2.16,ES,1670093346
40,airai,-8.9266,125.4092,15.13,81,10,0.58,TL,1670093193
41,laguna,38.421,-121.4238,11.21,94,100,2.57,US,1670093347
42,cape town,-33.9258,18.4232,17.37,64,20,10.29,ZA,1670093347
43,busselton,-33.65,115.3333,16.39,75,88,6.78,AU,1670093348
44,hermanus,-34.4187,19.2345,16.0,63,99,3.82,ZA,1670093348
45,macamic,48.7502,-78.9996,-7.57,88,100,7.34,CA,1670093349
46,saskylakh,71.9167,114.0833,-13.93,89,100,11.17,RU,1670093350
47,amudat,1.95,34.95,22.92,56,31,6.89,UG,1670093350
48,tautira,-17.7333,-149.15,26.36,80,68,8.3,PF,1670093351
49,vostok,46.4856,135.8833,-20.69,98,100,3.46,RU,1670093352
50,olafsvik,64.8945,-23.7142,4.75,80,51,1.3,IS,1670093352
51,san patricio,28.017,-97.5169,24.93,84,100,2.66,US,1670093274
52,codrington,-38.2667,141.9667,14.71,81,59,3.03,AU,1670093353
53,bluff,-46.6,168.3333,10.45,75,100,12.27,NZ,1670093096
54,saint-philippe,-21.3585,55.7679,24.77,78,8,2.71,RE,1670093261
55,tilichiki,60.4667,166.1,-11.68,88,100,2.77,RU,1670093355
56,phek,25.6667,94.5,5.16,95,0,0.83,IN,1670093355
57,baghdad,33.3406,44.4009,12.95,100,90,3.09,IQ,1670093356
58,baykit,61.67,96.37,-25.85,100,83,1.25,RU,1670093356
59,mazagao,-0.115,-51.2894,31.03,69,97,2.8,BR,1670093357
60,nouakchott,18.0858,-15.9785,21.96,54,100,3.93,MR,1670093358
61,suileng,47.25,127.0833,-25.23,94,10,3.05,CN,1670093358
62,albany,42.6001,-73.9662,11.48,88,100,0.45,US,1670093111
63,esperance,-33.8667,121.9,16.25,84,100,6.26,AU,1670093359
64,clyde river,70.4692,-68.5914,-16.87,78,48,11.83,CA,1670093068
65,sao joao da barra,-21.6403,-41.0511,24.05,94,100,8.73,BR,1670093360
66,barrow,71.2906,-156.7887,-5.99,58,100,4.12,US,1670093085
67,tapiramuta,-11.8472,-40.7914,21.4,83,100,3.22,BR,1670093361
68,henties bay,-22.116,14.2845,15.04,84,0,3.84,NA,1670093362
69,kapaa,22.0752,-159.319,26.18,87,100,5.66,US,1670093136
70,baoying,33.2292,119.3092,5.53,72,100,5.15,CN,1670093268
71,sultanpur,26.2667,82.0667,16.07,56,1,2.19,IN,1670093363
72,doha,25.2867,51.5333,24.99,67,0,3.09,QA,1670093364
73,bathsheba,13.2167,-59.5167,29.34,84,40,8.23,BB,1670093365
74,pevek,69.7008,170.3133,-17.77,77,76,5.37,RU,1670093366
75,bukama,-9.2,25.85,21.29,90,99,1.08,CD,1670093367
76,kaitangata,-46.2817,169.8464,13.32,57,100,5.18,NZ,1670093367
77,hobart,-42.8794,147.3294,13.92,88,100,2.06,AU,1670093228
78,tarbes,43.25,0.1667,5.83,91,100,2.06,FR,1670093369
79,iranshahr,27.2025,60.6848,17.19,23,0,2.06,IR,1670093370
80,cidreira,-30.1811,-50.2056,24.51,85,100,3.13,BR,1670093370
81,butaritari,3.0707,172.7902,27.31,76,29,7.01,KI,1670093371
82,natchitoches,31.7668,-93.1335,26.47,65,100,3.09,US,1670093371
83,punta arenas,-53.15,-70.9167,10.06,50,20,12.86,CL,1670093252
84,castro,-24.7911,-50.0119,22.19,85,100,0.79,BR,1670093218
85,provideniya,64.3833,-173.3,-4.48,93,100,9.32,RU,1670093373
86,abreus,22.2775,-80.5675,30.17,55,95,8.34,CU,1670093373
87,kahului,20.8947,-156.47,26.02,76,20,5.81,US,1670093374
88,omboue,-1.5746,9.2618,25.16,88,100,1.91,GA,1670093375
89,camacha,33.0833,-16.3333,14.68,72,40,3.09,PT,1670093376
90,bolotnoye,55.6717,84.3981,-22.82,99,71,3.12,RU,1670093376
91,mujiayingzi,42.1167,118.7833,-13.73,43,0,3.17,CN,1670093377
92,grindavik,63.8424,-22.4338,1.26,93,0,2.57,IS,1670093377
93,santona,43.4439,-3.4576,6.5,88,100,2.95,ES,1670093378
94,coquimbo,-29.9533,-71.3436,17.85,72,75,5.66,CL,1670093296
95,aloleng,16.1307,119.7824,26.17,79,100,3.3,PH,1670093379
96,mar del plata,-38.0023,-57.5575,29.35,71,0,6.17,AR,1670093111
97,merke,42.8728,73.1786,-2.7,74,100,1.23,KZ,1670093380
98,warrington,53.3925,-2.5802,6.29,89,46,0.45,GB,1670093085
99,birao,10.2849,22.7882,24.95,19,12,2.64,CF,1670093381
100,bethel,41.3712,-73.414,13.2,86,100,0.89,US,1670093382
101,ozu,33.5,132.55,11.57,86,100,2.0,JP,1670093382
102,itoman,26.1247,127.6694,22.21,83,20,7.72,JP,1670093383
103,fallon,39.4735,-118.7774,1.36,56,40,2.57,US,1670093384
104,kushima,31.4583,131.2333,14.23,96,100,2.65,JP,1670093384
105,ingleside,27.8778,-97.2117,26.0,83,75,2.57,US,1670093385
106,khromtau,50.2503,58.4347,-17.95,82,2,6.59,KZ,1670093385
107,minnedosa,50.2453,-99.8436,-17.69,84,20,6.12,CA,1670093134
108,saint-georges,12.0564,-61.7485,27.82,74,75,2.06,GD,1670093386
109,leningradskiy,69.3833,178.4167,-15.89,77,100,3.2,RU,1670093387
110,ribeira grande,38.5167,-28.7,14.32,77,75,7.2,PT,1670093387
111,shahrud,36.4182,54.9763,4.4,77,22,2.4,IR,1670093388
112,hasaki,35.7333,140.8333,2.22,70,100,4.78,JP,1670093389
113,creemore,44.327,-80.1075,2.75,76,91,9.26,CA,1670093389
114,avarua,-21.2078,-159.775,28.03,83,75,4.12,CK,1670093390
115,arlit,18.7369,7.3853,25.74,14,7,2.04,NE,1670093286
116,khatanga,71.9667,102.5,-18.13,93,100,9.41,RU,1670093391
117,carnarvon,-24.8667,113.6333,20.87,82,0,7.83,AU,1670093097
118,mosquera,4.7059,-74.2302,17.05,67,75,6.17,CO,1670093392
119,grand gaube,-20.0064,57.6608,24.22,73,100,0.89,MU,1670093392
120,te anau,-45.4167,167.7167,10.51,82,100,3.06,NZ,1670093393
121,iqaluit,63.7506,-68.5145,-23.78,97,23,1.8,CA,1670093393
122,rusape,-18.5278,32.1284,19.56,45,0,2.02,ZW,1670093395
123,plouzane,48.3833,-4.6167,5.1,81,100,4.63,FR,1670093395
124,itarema,-2.9248,-39.9167,28.98,62,11,8.18,BR,1670093396
125,fatsa,41.0278,37.5014,11.89,93,100,1.55,TR,1670093396
126,tasiilaq,65.6145,-37.6368,-0.91,95,100,11.68,GL,1670093397
127,lompoc,34.6391,-120.4579,17.69,93,100,4.63,US,1670093398
128,havelock,34.8791,-76.9013,22.99,74,100,6.17,US,1670093399
129,thunder bay,48.4001,-89.3168,-12.01,56,75,7.72,CA,1670093399
130,caravelas,-17.7125,-39.2481,23.99,90,100,3.51,BR,1670093400
131,marzuq,14.4,46.4667,17.79,41,0,0.34,YE,1670093400
132,lake havasu city,34.4839,-114.3224,15.68,55,0,3.6,US,1670093300
133,katete,-0.7818,29.7544,16.98,83,75,1.68,UG,1670093401
134,solnechnyy,50.7214,136.6319,-20.68,97,100,1.05,RU,1670093402
135,constitucion,-35.3333,-72.4167,20.42,67,34,8.54,CL,1670093291
136,sao filipe,14.8961,-24.4956,22.7,63,100,3.13,CV,1670093404
137,north platte,41.1239,-100.7654,5.21,34,0,8.23,US,1670093404
138,kruisfontein,-34.0033,24.7314,17.16,76,100,1.9,ZA,1670093405
139,ponta delgada,37.7333,-25.6667,13.4,71,20,5.66,PT,1670093270
140,lubbock,33.6001,-101.8338,7.3,29,40,2.57,US,1670093238
141,victoria,22.2855,114.1577,21.64,83,35,3.58,HK,1670093176
142,vaini,-21.2,-175.2,25.09,94,75,0.51,TO,1670093407
143,colon,9.3592,-79.9014,30.2,66,9,3.58,PA,1670093408
144,bengkulu,-3.8004,102.2655,23.64,90,100,1.65,ID,1670093405
145,vihari,30.0333,72.35,16.5,27,5,2.26,PK,1670093409
146,san pedro,14.35,121.0167,26.57,89,75,1.54,PH,1670093410
147,baindur,13.8667,74.6333,25.64,86,98,2.28,IN,1670093411
148,ahuimanu,21.4447,-157.8378,25.11,84,40,3.09,US,1670093411
149,meulaboh,4.1363,96.1285,23.67,89,100,1.71,ID,1670093412
150,upernavik,72.7868,-56.1549,-3.3,87,100,11.17,GL,1670093413
151,kaiyuan,23.6977,103.3037,12.25,95,8,2.31,CN,1670093413
152,nacala,-14.5428,40.6728,25.66,87,4,2.52,MZ,1670093414
153,new norfolk,-42.7826,147.0587,13.72,82,97,1.06,AU,1670093272
154,excelsior springs,39.3392,-94.2261,0.83,40,0,1.54,US,1670093415
155,hay river,60.8156,-115.7999,-13.02,85,75,3.6,CA,1670093415
156,payo,-3.7508,103.6372,23.03,96,100,0.37,ID,1670093416
157,alofi,-19.0595,-169.9187,24.94,100,97,0.51,NU,1670093417
158,gamboma,-1.8764,15.8644,22.33,93,94,1.16,CG,1670093418
159,alexandria,31.2156,29.9553,17.3,61,83,4.37,EG,1670093270
160,evensk,61.95,159.2333,-20.13,84,20,3.99,RU,1670093419
161,raudeberg,61.9875,5.1352,2.15,69,40,1.32,NO,1670093419
162,bara,10.3744,10.7288,26.32,26,47,2.43,NG,1670093420
163,tiksi,71.6872,128.8694,-23.16,94,100,10.11,RU,1670093261
164,prince george,53.9166,-122.753,-21.31,84,75,1.54,CA,1670093133
165,mfou,3.7159,11.6427,21.72,81,100,1.12,CM,1670093421
166,kholmogory,64.2229,41.656,-9.52,95,98,2.26,RU,1670093422
167,vila,42.0304,-8.1588,2.49,81,1,1.84,PT,1670093422
168,flinders,-34.5833,150.8552,16.88,79,0,2.64,AU,1670093423
169,narsaq,60.9167,-46.05,-9.51,83,2,2.25,GL,1670093423
170,broome,42.2506,-75.833,11.59,87,100,7.72,US,1670093209
171,vinica,41.8828,22.5092,8.48,90,100,1.65,MK,1670093424
172,broken hill,-31.95,141.4333,21.99,34,0,3.78,AU,1670093182
173,san nicolas,18.1725,120.5953,23.95,94,20,1.03,PH,1670093425
174,hun,29.1268,15.9477,19.72,26,6,4.86,LY,1670093426
175,stephenville,32.2207,-98.2023,12.3,34,0,6.17,US,1670093190
176,san cristobal,7.7669,-72.225,23.1,69,84,1.3,VE,1670093427
177,port alfred,-33.5906,26.891,16.77,89,99,0.45,ZA,1670093139
178,golfito,8.639,-83.166,27.37,78,48,2.34,CR,1670093428
179,barra dos coqueiros,-10.9089,-37.0386,26.01,83,100,3.6,BR,1670093429
180,guerrero negro,27.9769,-114.0611,22.42,51,100,2.19,MX,1670093284
181,saint peter,13.25,-59.6167,28.31,84,100,5.97,BB,1670093430
182,bambous virieux,-20.3428,57.7575,24.14,78,40,1.54,MU,1670093275
183,baherden,38.4362,57.4316,5.1,27,91,4.08,TM,1670093431
184,husavik,66.0449,-17.3389,1.4,85,85,4.79,IS,1670093432
185,klaksvik,62.2266,-6.589,6.51,96,100,3.55,FO,1670093433
186,lebu,-37.6167,-73.65,17.25,71,77,5.33,CL,1670093433
187,middelburg,-25.7751,29.4648,23.93,41,87,2.07,ZA,1670093434
188,miranda,3.2499,-76.2281,27.07,63,23,0.86,CO,1670093389
189,mount isa,-20.7333,139.5,17.87,68,0,0.0,AU,1670093435
190,longyearbyen,78.2186,15.6401,-1.09,86,75,9.26,SJ,1670093435
191,soc trang,9.6033,105.98,24.11,92,100,4.57,VN,1670093436
192,hede,33.7681,120.2517,8.13,63,100,6.73,CN,1670093438
193,salalah,17.0151,54.0924,23.85,52,0,1.49,OM,1670093438
194,loa janan,-0.583,117.095,22.3,98,100,0.56,ID,1670093439
195,portland,45.5234,-122.6762,7.35,58,40,6.71,US,1670093235
196,puerto escondido,15.85,-97.0667,30.27,47,0,2.31,MX,1670093440
197,lososina,48.9975,140.3106,-13.85,60,0,4.87,RU,1670093440
198,hirara,24.8,125.2833,24.61,78,98,4.64,JP,1670093441
199,okha,53.5739,142.9478,-19.95,93,43,6.28,RU,1670093441
200,ponta do sol,32.6667,-17.1,16.67,80,54,5.36,PT,1670093442
201,college,64.8569,-147.8028,-3.82,89,100,3.09,US,1670093443
202,kutum,14.2,24.6667,19.32,15,5,4.27,SD,1670093443
203,kirovskiy,45.0917,133.5136,-17.16,85,47,2.96,RU,1670093444
204,cascais,38.6979,-9.4215,13.85,88,20,5.36,PT,1670093169
205,hovd,48.0056,91.6419,-18.74,77,1,1.95,MN,1670093445
206,lunenburg,44.3835,-64.3155,11.94,79,100,8.75,CA,1670093193
207,east london,-33.0153,27.9116,17.52,88,40,3.6,ZA,1670093446
208,port blair,11.6667,92.75,28.02,83,40,3.09,IN,1670093446
209,charters towers,-20.1,146.2667,19.39,77,0,3.17,AU,1670093447
210,pisco,-13.7,-76.2167,21.03,78,0,5.14,PE,1670093447
211,bereda,43.2686,-7.5406,5.32,96,38,1.83,ES,1670093448
212,kodiak,57.79,-152.4072,-6.27,79,0,3.09,US,1670093449
213,cabo san lucas,22.8909,-109.9124,32.56,54,0,3.13,MX,1670093296
214,jevnaker,60.2414,10.385,-1.58,97,58,1.49,NO,1670093449
215,barra patuca,15.8,-84.2833,27.29,79,1,5.4,HN,1670093450
216,tam ky,15.5667,108.4833,23.07,93,100,1.9,VN,1670093451
217,inverell,-29.7833,151.1167,11.48,87,98,0.45,AU,1670093451
218,karpogory,64.0019,44.4451,-13.5,95,94,1.88,RU,1670093452
219,diapaga,12.0708,1.7889,29.58,23,90,1.51,BF,1670093452
220,ostrovnoy,68.0531,39.5131,-7.02,94,66,4.02,RU,1670093453
221,palu,-0.8917,119.8707,23.87,96,100,1.06,ID,1670093430
222,great falls,47.5002,-111.3008,0.23,50,0,7.72,US,1670093316
223,hithadhoo,-0.6,73.0833,28.06,71,100,6.53,MV,1670093454
224,verkhnyaya toyma,62.2349,44.9985,-10.53,97,100,1.51,RU,1670093455
225,touros,-5.1989,-35.4608,27.81,67,17,7.44,BR,1670093455
226,westport,41.1415,-73.3579,13.9,89,100,10.8,US,1670093360
227,severo-kurilsk,50.6789,156.125,-3.62,82,35,3.06,RU,1670093456
228,vila franca do campo,37.7167,-25.4333,13.23,79,89,10.26,PT,1670093457
229,turayf,31.6725,38.6637,12.14,87,0,3.6,SA,1670093458
230,cherskiy,68.75,161.3,-21.78,87,100,2.99,RU,1670093458
231,brae,60.3964,-1.353,7.04,74,100,7.0,GB,1670093459
232,guarapari,-20.6667,-40.4975,22.16,97,100,3.58,BR,1670093459
233,lovozero,68.005,35.0117,-11.05,94,26,2.28,RU,1670093460
234,samdrup jongkhar,26.9167,91.6167,12.85,54,0,2.5,BT,1670093461
235,thinadhoo,0.5333,72.9333,27.11,75,100,6.71,MV,1670093461
236,beringovskiy,63.05,179.3167,-2.38,97,100,10.72,RU,1670093462
237,dongsheng,39.8161,109.9776,-9.67,25,0,2.72,CN,1670093462
238,springdale,36.1867,-94.1288,7.12,45,0,3.6,US,1670093256
239,thompson,55.7435,-97.8558,-24.91,77,0,4.63,CA,1670093463
240,aparecida do taboado,-20.0867,-51.0936,30.24,48,100,2.55,BR,1670093464
241,katherine,-14.4667,132.2667,23.18,73,100,1.03,AU,1670093464
242,daru,-9.0763,143.2092,25.36,85,100,2.42,PG,1670093465
243,revda,56.801,59.9303,-15.69,85,19,4.14,RU,1670093466
244,chernyshevskiy,63.0128,112.4714,-18.56,99,94,1.67,RU,1670093467
245,guatire,10.4762,-66.5427,28.16,79,87,1.69,VE,1670093467
246,chinu,9.1057,-75.3981,28.89,65,52,1.28,CO,1670093389
247,skagen,57.7209,10.5839,2.34,75,97,9.9,DK,1670093468
248,inhambane,-23.865,35.3833,25.99,94,75,3.38,MZ,1670093469
249,saint-pierre,-21.3393,55.4781,26.43,78,100,5.66,RE,1670093469
250,dunedin,-45.8742,170.5036,13.22,72,100,0.89,NZ,1670093470
251,tiarei,-17.5333,-149.3333,29.01,81,83,8.55,PF,1670093470
252,kjustendil,42.2839,22.6911,6.16,93,100,1.03,BG,1670093471
253,dikson,73.5069,80.5464,-3.95,93,100,6.86,RU,1670093251
254,tuatapere,-46.1333,167.6833,11.7,75,100,3.04,NZ,1670093412
255,bongaree,-27.0797,153.1586,19.01,75,88,7.43,AU,1670093472
256,comodoro rivadavia,-45.8667,-67.5,25.92,19,68,15.43,AR,1670093350
257,pietarsaari,63.65,22.6833,-6.11,88,52,2.42,FI,1670093473
258,yeppoon,-23.1333,150.7333,17.88,78,8,6.01,AU,1670093474
259,inuvik,68.3499,-133.7218,0.48,80,100,13.38,CA,1670093475
260,urussu,54.5981,53.4631,-22.03,96,6,0.82,RU,1670093475
261,waipawa,-41.4122,175.5153,10.73,73,62,1.86,NZ,1670093250
262,santa isabel do rio negro,-0.4139,-65.0192,28.2,85,96,0.57,BR,1670093476
263,tuktoyaktuk,69.4541,-133.0374,-3.0,80,100,18.01,CA,1670093442
264,kontagora,10.3999,5.4695,28.28,25,10,0.39,NG,1670093478
265,mahebourg,-20.4081,57.7,24.16,78,40,1.54,MU,1670093478
266,gambiran,-6.7988,111.4951,23.93,91,100,1.03,ID,1670093479
267,demyansk,57.643,32.466,-4.3,81,100,4.37,RU,1670093479
268,elizabeth city,36.2946,-76.2511,19.01,82,100,3.09,US,1670093480
269,myingyan,21.4667,95.3833,22.95,68,0,0.76,MM,1670093480
270,miri,4.4148,114.0089,25.08,88,40,5.14,MY,1670093481
271,sitka,57.0531,-135.33,-2.06,86,40,2.57,US,1670093482
272,khash,28.2211,61.2158,8.88,41,0,1.86,IR,1670093232
273,bundibugyo,0.7414,30.0417,20.69,80,71,1.78,UG,1670093483
274,luohe,33.5717,114.0353,1.73,46,100,4.06,CN,1670093483
275,zhigansk,66.7697,123.3711,-30.56,97,100,4.9,RU,1670093484
276,terrell,32.736,-96.2753,13.54,42,75,5.14,US,1670093484
277,maridi,4.9158,29.4742,24.02,54,78,0.86,SS,1670093485
278,edd,13.9297,41.6925,28.11,54,3,7.13,ER,1670093486
279,aykhal,66.0,111.5,-18.63,99,100,3.27,RU,1670093486
280,torbay,47.6666,-52.7314,1.53,68,75,3.09,CA,1670093487
281,cuenca,-2.8833,-78.9833,24.07,31,40,2.06,EC,1670093488
282,nakusp,50.2499,-117.8023,-4.74,86,84,0.0,CA,1670093488
283,sao paulo de olivenca,-3.3783,-68.8725,31.78,55,100,1.26,BR,1670093489
284,hamilton,39.1834,-84.5333,8.73,52,0,8.23,US,1670093189
285,souillac,-20.5167,57.5167,24.21,78,40,1.54,MU,1670093434
286,cabedelo,-6.9811,-34.8339,29.37,70,25,6.99,BR,1670093472
287,forestville,38.8451,-76.875,17.35,84,75,7.72,US,1670093492
288,puerto ayora,-0.7393,-90.3518,24.98,86,86,4.47,EC,1670093492
289,fortuna,40.5982,-124.1573,12.97,62,0,4.47,US,1670093493
290,lorengau,-2.0226,147.2712,26.9,81,100,2.89,PG,1670093494
291,naze,28.3667,129.4833,20.51,82,100,4.7,JP,1670093258
292,talnakh,69.4865,88.3972,-22.11,99,100,1.9,RU,1670093200
293,dogondoutchi,13.6393,4.0287,29.47,19,49,3.32,NE,1670093496
294,belaya gora,68.5333,146.4167,-27.82,91,100,4.05,RU,1670093496
295,abu dhabi,24.4667,54.3667,25.06,70,20,0.0,AE,1670093039
296,jerome,42.7241,-114.5186,-1.42,66,0,12.35,US,1670093497
297,darab,28.7519,54.5444,15.03,34,0,2.4,IR,1670093498
298,kumphawapi,17.1087,103.0149,25.46,99,100,2.24,TH,1670093498
299,shintomi,32.0785,131.4723,12.7,86,100,2.65,JP,1670093499
300,zacualpan,21.25,-105.1667,28.39,58,6,3.07,MX,1670093499
301,san felipe,10.3399,-68.7425,26.68,68,100,3.21,VE,1670093500
302,hambantota,6.1241,81.1185,24.77,87,89,3.99,LK,1670093501
303,kuna,43.4918,-116.4201,-0.64,59,0,3.09,US,1670093502
304,luderitz,-26.6481,15.1594,17.11,66,8,9.92,NA,1670093502
305,georgetown,5.4112,100.3354,26.8,94,20,1.03,MY,1670093477
306,chokurdakh,70.6333,147.9167,-21.81,92,100,7.99,RU,1670093503
307,tanout,14.9709,8.8879,25.7,17,0,5.65,NE,1670093504
308,nouadhibou,20.931,-17.0347,19.99,83,0,5.14,MR,1670093504
309,tessalit,20.1986,1.0114,26.01,16,6,2.21,ML,1670093504
310,praia da vitoria,38.7333,-27.0667,14.31,82,75,15.07,PT,1670093505
311,aire-sur-la-lys,50.6387,2.3988,3.36,79,100,3.87,FR,1670093506
312,tinaquillo,9.9186,-68.3047,33.04,59,100,3.01,VE,1670093506
313,ancud,-41.8697,-73.8203,14.65,78,82,5.67,CL,1670093264
314,dongobesh,-4.0667,35.3833,16.1,75,37,5.03,TZ,1670093507
315,marystown,47.1666,-55.1483,2.13,70,70,4.01,CA,1670093508
316,fairbanks,64.8378,-147.7164,-3.81,89,100,3.09,US,1670093403
317,tarrafal,15.2833,-23.7667,25.44,60,100,3.98,CV,1670093510
318,trapani,37.8333,12.6667,16.26,94,40,5.14,IT,1670093510
319,acapulco,16.8634,-99.8901,30.12,53,17,2.66,MX,1670093225
320,cuiaba,-15.5961,-56.0967,27.96,74,40,1.54,BR,1670093331
321,hongjiang,27.11,109.9956,5.3,90,100,2.01,CN,1670093511
322,diu,20.7141,70.9822,22.31,49,5,3.55,IN,1670093512
323,norman wells,65.282,-126.8329,1.02,93,100,4.12,CA,1670093513
324,tazovskiy,67.4667,78.7,-23.65,99,39,2.35,RU,1670093513
325,parrita,9.5201,-84.3225,30.7,74,15,2.27,CR,1670093514
326,mana,5.6592,-53.7767,25.68,87,68,3.91,GF,1670093514
327,viedma,-40.8135,-62.9967,33.57,15,19,3.98,AR,1670093515
328,peleduy,59.6289,112.7406,-17.52,95,100,5.69,RU,1670093515
329,port lincoln,-34.7333,135.8667,21.5,44,98,3.84,AU,1670093516
330,bemidji,47.4736,-94.8803,-12.75,67,0,4.63,US,1670093349
331,nishihara,26.1842,127.7558,21.81,83,20,7.72,JP,1670093517
332,chapais,49.7834,-74.8492,0.88,99,100,3.17,CA,1670093488
333,mount gambier,-37.8333,140.7667,13.64,67,9,2.56,AU,1670093518
334,mae hong son,19.3003,97.9685,20.37,92,4,0.87,TH,1670093519
335,bohodukhiv,50.1647,35.5276,-3.99,49,78,6.68,UA,1670093519
336,kilindoni,-7.9139,39.6668,26.54,77,1,4.84,TZ,1670093520
337,namatanai,-3.6667,152.4333,26.16,81,100,2.33,PG,1670093070
338,maningrida,-12.0667,134.2667,27.47,73,70,2.27,AU,1670093521
339,sechura,-5.5569,-80.8222,27.22,52,86,7.4,PE,1670093521
340,lensk,60.7253,114.9278,-15.82,94,100,6.74,RU,1670093522
341,ahipara,-35.1667,173.1667,15.5,76,0,1.75,NZ,1670093487
342,moerai,-22.4333,-151.3333,24.67,85,100,6.66,PF,1670093523
343,buraydah,26.326,43.975,21.25,29,97,3.55,SA,1670093523
344,gayny,60.3071,54.3241,-12.98,95,90,1.91,RU,1670093524
345,bluefield,37.2698,-81.2223,12.08,89,100,6.17,US,1670093524
346,tateyama,34.9833,139.8667,15.6,56,100,10.0,JP,1670093525
347,svetlaya,46.5389,138.3297,-14.4,65,8,4.1,RU,1670093526
348,vardo,70.3705,31.1107,-2.01,86,100,0.51,NO,1670093527
349,yurimaguas,-5.9,-76.0833,23.09,88,100,1.54,PE,1670093527
350,mackay,-21.15,149.2,22.05,73,3,6.82,AU,1670093469
351,kurilsk,45.2333,147.8833,1.77,68,100,6.8,RU,1670093528
352,tiznit,29.5833,-9.5,14.66,71,2,1.76,MA,1670093284
353,korla,41.7597,86.1469,-6.25,36,0,0.44,CN,1670093493
354,sistranda,63.7256,8.834,-1.02,61,56,2.32,NO,1670093440
355,nelson bay,-32.7167,152.15,16.67,93,0,0.45,AU,1670093530
356,teguldet,57.3064,88.1667,-19.33,94,98,3.09,RU,1670093530
357,urgut,39.4022,67.2431,-3.21,51,96,0.09,UZ,1670093531
358,mulchen,-37.7167,-72.2333,26.92,27,77,1.69,CL,1670093264
359,kalispell,48.1958,-114.3129,-6.39,89,100,0.0,US,1670093380
360,moranbah,-22.0016,148.0466,18.78,79,0,3.64,AU,1670093533
361,faya,18.3851,42.4509,15.06,77,2,1.45,SA,1670093533
362,durres,41.3231,19.4414,12.1,68,100,3.1,AL,1670093534
363,villazon,-22.0866,-65.5942,16.9,22,74,5.85,BO,1670093534
364,caborca,30.5838,-111.101,24.65,38,100,0.83,MX,1670093535
365,hope,33.6671,-93.5916,17.03,39,100,4.73,US,1670093536
366,socorro,31.6546,-106.3033,19.55,44,71,6.02,US,1670093536
367,isabela,6.7085,121.9711,24.03,85,100,1.2,PH,1670093537
368,oriximina,-1.7656,-55.8661,31.95,52,93,2.08,BR,1670093537
369,newport,51.5877,-2.9984,6.3,79,22,7.81,GB,1670093538
370,hami,42.8,93.45,-6.51,41,6,1.98,CN,1670093495
371,dalvik,65.9702,-18.5286,-4.04,84,15,3.78,IS,1670093539
372,selty,57.3132,52.1345,-19.7,99,96,1.03,RU,1670093539
373,uren,57.4552,45.7852,-15.81,95,100,1.35,RU,1670093540
374,digras,20.1167,77.7167,21.01,60,0,1.34,IN,1670093540
375,huangchuan,32.1272,115.0394,5.06,64,100,4.09,CN,1670093541
376,panguna,-6.3164,155.4848,20.05,95,100,0.3,PG,1670093542
377,berlevag,70.8578,29.0864,-3.03,74,33,10.8,NO,1670093542
378,suoyarvi,62.0833,32.35,-6.25,84,100,3.85,RU,1670093497
379,dargaville,-35.9333,173.8833,15.74,75,0,1.6,NZ,1670093543
380,the valley,18.217,-63.0578,28.23,69,40,4.12,AI,1670093544
381,emerald,-23.5333,148.1667,18.96,79,0,2.44,AU,1670093544
382,chamalieres,45.7756,3.0631,3.4,93,100,1.54,FR,1670093545
383,axim,4.8699,-2.2405,25.91,81,95,2.38,GH,1670093546
384,yokadouma,3.5167,15.05,21.32,93,100,1.22,CM,1670093546
385,dossor,47.5272,52.9811,-8.48,55,0,6.37,KZ,1670093547
386,yatou,37.15,122.3833,-0.74,66,100,3.85,CN,1670093547
387,sawtell,-30.3833,153.1,16.21,88,40,3.6,AU,1670093548
388,ballina,-28.8667,153.5667,15.56,99,81,4.38,AU,1670093548
389,usinsk,65.9939,57.5281,-13.95,97,100,3.14,RU,1670093549
390,norilsk,69.3535,88.2027,-21.99,98,100,1.39,RU,1670093550
391,vaitape,-16.5167,-151.75,26.77,77,79,8.45,PF,1670093550
392,dingle,10.9995,122.6711,23.85,94,85,3.28,PH,1670093551
393,babstovo,48.1167,132.4833,-22.85,90,61,3.15,RU,1670093551
394,tigil,57.8,158.6667,-22.67,98,68,2.77,RU,1670093552
395,palafrugell,41.9174,3.1631,10.75,48,90,0.89,ES,1670093552
396,alta floresta,-9.8756,-56.0861,24.93,80,100,1.29,BR,1670093431
397,rocha,-34.4833,-54.3333,22.9,61,100,4.73,UY,1670093553
398,coburg,50.2667,10.9667,1.54,88,100,0.45,DE,1670093430
399,muros,42.7762,-9.0603,10.05,68,0,7.28,ES,1670093554
400,tazmalt,36.3868,4.3989,13.26,57,58,2.72,DZ,1670093555
401,castrillon,43.3979,-6.7922,5.03,89,78,0.8,ES,1670093555
402,tibu,8.639,-72.7358,29.38,57,85,1.7,CO,1670093556
403,lagoa,39.05,-27.9833,14.95,70,71,15.9,PT,1670093556
404,carutapera,-1.195,-46.02,29.11,62,99,5.1,BR,1670093557
405,kavieng,-2.5744,150.7967,27.5,78,95,2.79,PG,1670093558
406,wloszczowa,50.8526,19.9659,1.89,93,95,3.24,PL,1670093400
407,beyneu,45.3167,55.2,-8.48,48,0,4.64,KZ,1670093559
408,borzya,50.3833,116.5167,-26.83,98,32,2.07,RU,1670093559
409,nanortalik,60.1432,-45.2371,-1.62,83,100,5.45,GL,1670093560
410,alice,27.7523,-98.0697,22.09,89,100,3.6,US,1670093515
411,seoul,37.5683,126.9778,-1.34,50,0,6.69,KR,1670093413
412,imeni poliny osipenko,52.4201,136.4853,-32.78,100,28,0.19,RU,1670093562
413,dhidhdhoo,6.8833,73.1,26.81,77,94,2.19,MV,1670093562
414,mariinsk,56.2139,87.7472,-19.92,95,10,2.48,RU,1670093563
415,skovorodino,53.9833,123.9167,-28.53,98,97,0.55,RU,1670093563
416,helong,42.5397,128.9972,-15.0,62,4,5.51,CN,1670093564
417,namtsy,62.7161,129.6658,-34.06,99,100,1.18,RU,1670093565
418,los llanos de aridane,28.6585,-17.9182,17.86,64,40,2.24,ES,1670093565
419,zeya,53.75,127.2667,-33.02,96,67,0.75,RU,1670093566
420,phanat nikhom,13.4458,101.1844,26.28,88,86,2.96,TH,1670093566
421,ipixuna,-1.7625,-48.8043,30.26,56,99,0.9,BR,1670093567
422,tafo,6.7345,-1.6127,23.66,80,63,1.35,GH,1670093567
423,zhangye,38.9342,100.4517,-7.91,67,100,0.83,CN,1670093568
424,halifax,44.6453,-63.5724,10.94,83,100,5.81,CA,1670093393
425,bilibino,68.0546,166.4372,-24.44,93,72,2.6,RU,1670093569
426,soma,39.1855,27.6094,10.06,92,100,3.09,TR,1670093569
427,gohpur,26.8833,93.6333,15.79,72,0,0.92,IN,1670093570
428,avera,33.194,-82.5271,21.73,68,92,3.29,US,1670093571
429,anadyr,64.75,177.4833,-3.72,39,0,7.0,RU,1670093571
430,birnin kebbi,12.4539,4.1975,29.03,23,1,3.04,NG,1670093572
431,mumford,5.2618,-0.759,26.2,84,19,3.87,GH,1670093572
432,januaria,-15.4833,-44.3667,24.33,71,100,2.78,BR,1670093573
433,lasa,46.6166,10.7002,5.49,98,100,1.78,IT,1670093575
434,jizan,17.3333,42.6667,27.52,68,0,0.85,SA,1670093576
435,paradise,36.0972,-115.1467,16.7,41,75,3.09,US,1670093443
436,imbituba,-28.24,-48.6703,25.68,84,100,5.06,BR,1670093576
437,puerto del rosario,28.5004,-13.8627,18.86,88,75,3.09,ES,1670093577
438,tecoanapa,16.5167,-98.75,29.02,57,1,3.21,MX,1670093578
439,kande,9.9578,1.0447,31.19,40,71,1.49,TG,1670093578
440,fort nelson,58.8053,-122.7002,-18.23,78,75,2.06,CA,1670093579
441,walker,30.7335,-95.5669,23.7,78,100,2.06,US,1670093579
442,beyla,8.6833,-8.6333,21.59,86,15,1.83,GN,1670093580
443,ranong,9.9658,98.6348,24.84,87,100,2.64,TH,1670093580
444,namibe,-15.1961,12.1522,22.01,80,100,1.2,AO,1670093359
445,sayansk,54.1088,102.1648,-14.78,94,100,3.16,RU,1670093581
446,sile,41.1754,29.6133,11.98,69,100,3.58,TR,1670093582
447,nabire,-3.3667,135.4833,24.0,90,100,1.68,ID,1670093583
448,mountain home,43.133,-115.6912,-2.29,50,0,7.72,US,1670093411
449,krasnoselkup,65.7,82.4667,-22.21,100,100,2.82,RU,1670093584
450,ilulissat,69.2167,-51.1,-4.01,83,100,5.08,GL,1670093584
451,staryy nadym,65.6118,72.6842,-8.65,97,97,4.18,RU,1670093585
452,poum,-20.2333,164.0167,25.28,89,100,1.34,NC,1670093585
453,saint george,37.1041,-113.5841,11.91,41,0,0.45,US,1670093586
454,quatre cocos,-20.2078,57.7625,24.06,71,100,3.86,MU,1670093586
455,whitehorse,60.7161,-135.0538,-8.28,85,75,3.6,CA,1670093587
456,mackenzie,55.2999,-123.1698,-18.88,71,100,2.57,CA,1670093587
457,juba,4.8517,31.5825,29.82,32,38,2.0,SS,1670093588
458,san lawrenz,36.0553,14.204,19.36,80,0,3.58,MT,1670093589
459,lokosovo,61.1333,74.8167,-11.66,95,100,4.11,RU,1670093589
460,igarka,67.4667,86.5833,-27.9,100,55,1.71,RU,1670093590
461,ambunti,-4.2365,142.8448,22.86,99,100,1.06,PG,1670093591
462,kupang,-10.1667,123.5833,24.69,80,97,2.74,ID,1670093591
463,horadiz,39.4488,47.3353,4.43,97,100,2.69,AZ,1670093592
464,richards bay,-28.783,32.0377,20.73,79,100,3.32,ZA,1670093592
465,high level,58.5169,-117.136,-8.92,73,100,2.91,CA,1670093593
466,penzance,50.1186,-5.5371,6.38,77,100,8.87,GB,1670093558
467,egvekinot,66.3167,-179.1667,-10.22,62,100,4.28,RU,1670093441
468,alto araguaia,-17.3147,-53.2153,29.29,50,100,4.03,BR,1670093594
469,gusau,12.1628,6.6614,28.19,22,25,3.94,NG,1670093595
470,arcozelo,41.0533,-8.6433,9.91,85,0,0.51,PT,1670093595
471,springville,40.1652,-111.6107,3.73,56,75,1.54,US,1670093596
472,vercelli,45.3231,8.4153,7.34,97,100,1.92,IT,1670093597
473,haines junction,60.7522,-137.5108,-17.03,85,15,0.51,CA,1670093597
474,keningau,5.3378,116.1602,21.66,99,100,0.44,MY,1670093598
475,besikduzu,41.052,39.2284,13.94,91,82,3.19,TR,1670093599
476,concordia,-31.393,-58.0209,29.04,55,75,4.92,AR,1670093599
477,severodvinsk,64.5635,39.8302,-11.94,87,84,4.42,RU,1670093600
478,jalu,29.0331,21.5482,16.58,36,5,3.81,LY,1670093601
479,kizhinga,51.8462,109.9097,-16.07,80,99,6.2,RU,1670093601
480,cayenne,4.9333,-52.3333,24.02,88,75,2.06,GF,1670093598
481,bose,45.4612,8.0137,5.11,94,100,0.87,IT,1670093602
482,preobrazheniye,42.9019,133.9064,-11.03,51,0,4.76,RU,1670093603
483,valky,49.8387,35.6207,-4.17,47,85,6.96,UA,1670093604
484,iskateley,67.6803,53.1512,-12.15,95,49,3.29,RU,1670093604
485,las margaritas,16.3167,-91.9833,18.51,79,68,4.21,MX,1670093605
486,santa cruz,-17.8,-63.1667,35.03,29,40,4.63,BO,1670093495
487,mozelos,41.8677,-8.3978,9.93,85,0,2.1,PT,1670093607
488,dzialdowo,53.2396,20.17,-1.21,95,100,3.65,PL,1670093607
489,guider,9.9342,13.9486,29.7,22,100,0.91,CM,1670093608
490,bull savanna,17.8868,-77.5902,27.28,61,33,3.36,JM,1670093608
491,nizhniy tsasuchey,50.5167,115.1333,-20.56,89,13,3.67,RU,1670093609
492,jumla,29.2747,82.1838,3.93,33,0,2.4,NP,1670093609
493,sabang,5.8933,95.3214,26.76,77,100,4.35,ID,1670093536
494,vestmannaeyjar,63.4427,-20.2734,6.55,81,0,3.6,IS,1670093610
495,kirya,-3.9167,37.4833,24.74,65,47,4.59,TZ,1670093611
496,palembang,-2.9167,104.7458,24.05,100,20,0.0,ID,1670093403
497,le port,-20.9373,55.2919,26.61,89,22,0.72,RE,1670093612
498,banda aceh,5.5577,95.3222,25.72,80,100,2.26,ID,1670093612
499,pravokumskoye,44.7694,44.6472,-2.5,72,98,7.74,RU,1670093613
500,kenai,60.5544,-151.2583,-7.7,87,0,2.06,US,1670093359
501,nata,8.3333,-80.5167,32.93,64,41,5.84,PA,1670093614
502,olinda,-8.0089,-34.8553,28.85,61,40,4.63,BR,1670093614
503,naliya,23.2667,68.8333,21.89,36,8,2.83,IN,1670093615
504,walvis bay,-22.9575,14.5053,15.92,76,0,7.46,NA,1670093616
505,chaman,30.9236,66.4512,8.68,49,0,0.2,PK,1670093617
506,buala,-8.145,159.5921,26.26,83,100,2.7,SB,1670093617
507,atkarsk,51.8718,45.0078,-10.13,67,9,3.77,RU,1670093618
508,aswan,24.0934,32.907,21.61,28,0,2.57,EG,1670093618
509,sandorfalva,46.3609,20.0989,3.97,82,100,2.64,HU,1670093619
510,lumsden,50.6501,-104.8678,-14.44,80,100,4.41,CA,1670093619
511,eskisehir,39.7767,30.5206,6.69,91,83,1.68,TR,1670093463
512,alamosa,37.4695,-105.87,4.08,46,100,1.46,US,1670093620
513,bundaberg,-24.85,152.35,15.68,94,27,0.45,AU,1670093621
514,lebanon,36.2081,-86.2911,12.72,71,100,5.66,US,1670093621
515,zelenoborsk,61.4669,64.0333,-11.77,90,100,2.92,RU,1670093622
516,salinopolis,-0.6136,-47.3561,27.86,70,100,5.94,BR,1670093623
517,priiskovyy,51.9333,116.6333,-29.77,99,19,1.42,RU,1670093623
518,nueve de julio,-35.4444,-60.8831,33.31,22,0,0.45,AR,1670093624
519,kiknur,57.3034,47.2011,-19.69,99,100,1.41,RU,1670093624
520,paamiut,61.994,-49.6678,-1.69,69,100,1.12,GL,1670093625
521,asau,46.4333,26.4,-1.49,94,99,1.04,RO,1670093625
522,itaituba,-4.2761,-55.9836,31.09,66,40,3.09,BR,1670093626
523,san luis,-33.295,-66.3356,32.76,18,1,3.45,AR,1670093489
524,springfield,37.2153,-93.2982,4.5,47,93,3.13,US,1670093625
525,bagdarin,54.4333,113.6,-24.32,86,98,1.84,RU,1670093628
526,vao,-22.6667,167.4833,24.93,90,98,4.44,NC,1670093628
527,north bend,43.4065,-124.2243,9.95,78,20,3.09,US,1670093629
528,maloy,61.9353,5.1136,2.63,69,38,1.37,NO,1670093630
529,neuquen,-38.9516,-68.0591,31.94,14,20,6.69,AR,1670093630
530,boyolangu,-8.1181,111.8935,24.22,90,100,1.01,ID,1670093631
531,gat,31.61,34.7642,19.11,50,79,1.71,IL,1670093631
532,saint-augustin,51.226,-58.6502,0.79,85,100,8.1,CA,1670093529
533,rawson,-43.3002,-65.1023,26.78,22,68,6.6,AR,1670093455
534,thongwa,16.7619,96.5278,28.09,76,22,2.52,MM,1670093633
535,methoni,36.8197,21.7049,15.12,79,84,5.4,GR,1670093633
536,kishi,9.0833,3.85,28.94,26,88,1.73,NG,1670093634
537,shubarkuduk,49.1447,56.4872,-13.44,74,6,5.71,KZ,1670093634
538,yar-sale,66.8333,70.8333,-3.98,94,100,6.87,RU,1670093635
539,kamaishi,39.2667,141.8833,9.43,81,100,2.65,JP,1670093635
540,verkhniy baskunchak,48.2256,46.7217,-8.25,42,0,5.58,RU,1670093636
541,cap malheureux,-19.9842,57.6142,23.04,73,97,0.89,MU,1670093637
542,shimoda,34.6667,138.95,10.61,57,100,9.21,JP,1670093638
543,margate,51.3813,1.3862,6.04,78,100,2.24,GB,1670093638
544,miles city,46.4083,-105.8406,-2.88,52,72,4.21,US,1670093639
545,coos bay,43.3665,-124.2179,9.99,79,20,3.09,US,1670093639
546,orange cove,36.6244,-119.3137,14.78,100,100,0.0,US,1670093640
547,leh,34.1667,77.5833,-6.14,56,1,0.83,IN,1670093640
548,maykor,59.0059,55.88,-12.17,87,100,2.33,RU,1670093641
549,santa maria,-29.6842,-53.8069,30.61,55,40,3.6,BR,1670093083
550,san policarpo,12.1791,125.5072,26.77,85,98,5.1,PH,1670093642
551,sorland,67.667,12.6934,3.92,71,100,6.61,NO,1670093473
552,upata,8.0086,-62.3989,29.55,82,100,2.46,VE,1670093643
553,atar,20.5169,-13.0499,22.22,15,0,2.49,MR,1670093644
554,necochea,-38.5473,-58.7368,30.19,25,1,3.84,AR,1670093573
555,iwanai,42.9744,140.5089,-0.84,87,100,7.68,JP,1670093645
556,bushehr,28.9684,50.8385,23.05,68,20,2.06,IR,1670093645
557,lata,40.1629,-8.3327,14.34,81,98,0.85,PT,1670093646
558,iasi,47.1667,27.6,1.49,91,100,2.24,RO,1670093055
559,gillette,44.2911,-105.5022,1.13,41,43,5.36,US,1670093648
560,marsh harbour,26.5412,-77.0636,24.79,59,0,8.06,BS,1670093649
561,rongcheng,30.634,117.8517,5.35,94,100,2.37,CN,1670093649
562,khvatovka,52.3524,46.5628,-13.78,84,8,2.39,RU,1670093650
563,mala,-12.6581,-76.6308,22.37,71,18,4.0,PE,1670093651
